{
  "Component.js": 1706611833953,
  "manifest.json": 1706614080778,
  "test/integration/pages/RisksList.js": 1706611834233,
  "test/integration/opaTests.qunit.js": 1706611834149,
  "test/integration/FirstJourney.js": 1706611834273,
  "test/testsuite.qunit.js": 1706611834109,
  "xs-app.json": 1706614080726,
  "test/integration/pages/RisksObjectPage.js": 1706611834233,
  "i18n/i18n.properties": 1706611917752,
  "test/integration/pages/RisksObjectPage-dbg.js": 1706611834233,
  "test/integration/pages/RisksObjectPage.js.map": 1706614098104,
  "test/integration/opaTests.qunit-dbg.js": 1706611834149,
  "test/integration/opaTests.qunit.js.map": 1706614098098,
  "test/integration/FirstJourney-dbg.js": 1706611834273,
  "test/integration/FirstJourney.js.map": 1706614098138,
  "test/testsuite.qunit-dbg.js": 1706611834109,
  "test/testsuite.qunit.js.map": 1706614098117,
  "test/integration/pages/RisksList-dbg.js": 1706611834233,
  "test/integration/pages/RisksList.js.map": 1706614098108,
  "Component-dbg.js": 1706611833953,
  "Component.js.map": 1706614098108,
  "Component-preload.js": 1706614098275,
  "Component-preload.js.map": 1706614098275,
  "test/integration/opaTests.qunit.html": 1706611834133,
  "test/testsuite.qunit.html": 1706611834105,
  "test/flpSandbox.html": 1706611834097,
  "index.html": 1706611833977
}